{
    "Kpp": {
        "bandwidth": [
            [
                3.0,
                0,
                0
            ],
            [
                0,
                0,
                0
            ],
            [
                0,
                0,
                0
            ]
        ],
        "gain": [
            10.9498,
            1,
            1.0
        ],
        "magnitude deviation": [
            [
                -0.4069609670463308,
                2.934788248722896,
                -4.365275953815476e+31
            ],
            [
                19.398733168078763,
                78574633844655.45,
                -9.685221516505453e+31
            ],
            [
                2.0441377608237237e+21,
                2.3412434987797262e+19,
                9.731954845501686e+27
            ]
        ]
    },
    "Kpi": {
        "bandwidth": [
            [
                3.0,
                0,
                0
            ],
            [
                0,
                0,
                0
            ],
            [
                0,
                0,
                0
            ]
        ],
        "gain": [
            0.0,
            -0.16859423825057832,
            0.1
        ],
        "magnitude deviation": [
            [
                -0.4069609670463308,
                2.934788248722896,
                -4.365275953815476e+31
            ],
            [
                19.398733168078763,
                78574633844655.45,
                -9.685221516505453e+31
            ],
            [
                2.0441377608237237e+21,
                2.3412434987797262e+19,
                9.731954845501686e+27
            ]
        ]
    },
    "Kvp": {
        "bandwidth": [
            [
                4.0,
                0,
                0
            ],
            [
                0,
                0,
                0
            ],
            [
                0,
                0,
                0
            ]
        ],
        "gain": [
            10.284953974644,
            1.4979601568227765,
            1.0
        ],
        "magnitude deviation": [
            [
                0.07544850860951158,
                -0.2290654516626347,
                0.07304746666657991
            ],
            [
                0.09477969213554616,
                -0.1083384977823556,
                -0.24419044379408206
            ],
            [
                -0.38609647981446926,
                -0.21370087879478206,
                -0.4069609670463308
            ]
        ]
    },
    "Kvi": {
        "bandwidth": [
            [
                4.0,
                0,
                0
            ],
            [
                0,
                0,
                0
            ],
            [
                0,
                0,
                0
            ]
        ],
        "gain": [
            0.1862383720105,
            0.1,
            0.199
        ],
        "magnitude deviation": [
            [
                0.07544850860951158,
                -0.2290654516626347,
                0.07304746666657991
            ],
            [
                0.09477969213554616,
                -0.1083384977823556,
                -0.24419044379408206
            ],
            [
                -0.38609647981446926,
                -0.21370087879478206,
                -0.4069609670463308
            ]
        ]
    }
}