{
    "Kpp": {
        "gain": [
            10.9498,
            6.96293396509175,
            14.7875,
            15.2805,
            20.892,
            21.2545,
            27.04,
            27.359
        ],
        "magnitude deviation": [
            0.13537475621322415,
            0.2761899929390097,
            0.08372951001044271,
            0.07946553417855284,
            0.04879601719869697,
            0.04753895970435451,
            0.03307303342748469,
            0.032490007937553855
        ],
        "bandwidth": [
            1.6711269024649007,
            1.6711269024649007,
            1.0504226244065091,
            2.2918311805232925,
            2.3714086520692406,
            3.2945073220022336,
            3.358169299238992,
            4.329014452099553,
            4.392676429336311
        ]
    },
    "Kpi": {},
    "Kvp": {
        "gain": [
            10.284953974644,
            7.26228657395437,
            51.197,
            33.7535,
            74.9335,
            66.6685,
            101.7295,
            94.755
        ],
        "magnitude deviation": [
            0.15601976372099102,
            0.1675482981343066,
            0.13722439524229912,
            0.13941556884844886,
            0.1359381835581388,
            0.13628553730418957,
            0.13522177072648844,
            0.13537475621322415
        ],
        "bandwidth": [
            1.1777465788800254,
            1.1777465788800254,
            1.0185916357881302,
            1.6233804195373325,
            1.559718442300574,
            1.6552114081557114,
            1.639295913846522,
            1.6711269024649007,
            1.6711269024649007
        ]
    },
    "Kvi": {
        "gain": [
            0.1862383720105,
            50.754485086095116,
            50.0,
            129.32,
            102.6,
            149.99,
            50.0,
            129.29000000000002
        ],
        "magnitude deviation": [
            0.07544850860951158,
            0.15186295726863364,
            0.15172520305014814,
            0.15604472867323693,
            0.15532231174256594,
            0.15642729462443583,
            0.151695962245725,
            0.15601976372099102
        ],
        "bandwidth": [
            1.639295913846522,
            1.639295913846522,
            1.1777465788800254,
            1.1777465788800254,
            1.1777465788800254,
            1.1777465788800254,
            1.1777465788800254,
            1.1777465788800254,
            1.1777465788800254
        ]
    },
    "bandwidth": {},
    "feature": {}
}