{
    "Kpp": {
        "gain": [
            10.9498,
            60.90470588235295,
            1.4059,
            71.4583,
            71.4088,
            72.1018,
            69.904,
            73.9234,
            68.1022,
            66.2212
        ],
        "phase shift": [
            3.086,
            3.086,
            0.342,
            -0.0175,
            -0.0175,
            -0.0175,
            -0.017,
            -0.0175,
            -0.017,
            -0.017
        ],
        "bandwidth": [
            1.6711269024649007,
            1.6711269024649007,
            10.91802909610402,
            0.20690142601946396,
            13.225775770936503,
            13.20986027662731,
            13.369015219719206,
            12.875634896134331,
            13.766902577448946,
            12.477747538404593,
            12.063944686365664
        ]
    },
    "Kpi": {},
    "Kvp": {
        "gain": [
            10.284953974644,
            52.69352941176471,
            99.9901,
            75.4381,
            45.2233,
            1.0,
            19.7407,
            92.3176,
            6.544,
            84.0511
        ],
        "phase shift": [
            2.6630000000000003,
            2.6195,
            2.6205000000000003,
            2.628,
            2.6365,
            3.086,
            3.086,
            3.086,
            3.086,
            3.086
        ],
        "bandwidth": [
            1.1777465788800254,
            1.1777465788800254,
            1.6233804195373325,
            1.6711269024649007,
            1.6552114081557114,
            1.607464925228143,
            0.238732414637843,
            1.4164789935178683,
            1.6711269024649007,
            0.9549296585513719,
            1.6711269024649007
        ]
    },
    "Kvi": {
        "gain": [
            0.1862383720105,
            110.50980392156862,
            149.99,
            143.26,
            134.45999999999998,
            130.57999999999998,
            121.41,
            67.35,
            52.95,
            58.71
        ],
        "phase shift": [
            3.086,
            2.7745,
            2.758,
            2.7455000000000003,
            2.735,
            2.7265,
            2.719,
            2.697,
            2.673,
            2.6630000000000003
        ],
        "bandwidth": [
            1.639295913846522,
            1.639295913846522,
            1.1777465788800254,
            1.1777465788800254,
            1.1777465788800254,
            1.1777465788800254,
            1.1777465788800254,
            1.1777465788800254,
            1.1777465788800254,
            1.1777465788800254,
            1.1777465788800254
        ]
    }
}