{
    "Kpp": {
        "gain": [
            10.9498,
            1.105477124736091,
            11.15447,
            1.31939,
            1.39935,
            10.954569999999999,
            1.2794100000000002,
            1.05952,
            1.31939,
            1.2594200000000002
        ],
        "magnitude deviation": [
            0.07544850860951158,
            3.620080607146079,
            3.620080607146079,
            0.976398181983555,
            3.792071088845006,
            3.6118448867275106,
            1.4297309976250858,
            4.347301817142352,
            4.9735702377014945,
            4.315956528369298,
            4.46214233606598
        ],
        "bandwidth": [
            1.639295913846522,
            0.1909859317102744,
            1.6711269024649007,
            0.238732414637843,
            0.25464790894703254,
            1.639295913846522,
            0.22281692032865347,
            0.1909859317102744,
            0.238732414637843,
            0.22281692032865347
        ]
    },
    "Kpi": {},
    "Kvp": {},
    "Kvi": {}
}