{
    "Kpp": {
        "gain": [
            10.9498,
            52.004411764705885,
            99.9901,
            80.3188,
            99.9901,
            33.4324,
            3.2869,
            2.9899,
            3.4354,
            35.9668
        ],
        "phase shift": [
            2.6275,
            2.25,
            2.211,
            2.2205,
            2.211,
            2.301,
            0.1565,
            0.17200000000000001,
            0.15,
            0.0135
        ],
        "bandwidth": [
            1.6233804195373325,
            1.6233804195373325,
            9.326479665185067,
            19.782959426322588,
            15.597184423005741,
            19.782959426322588,
            5.522676525288768,
            0.46154933496649647,
            0.4297183463481174,
            0.4933803235848755,
            6.016056848873643
        ]
    },
    "Kpi": {},
    "Kvp": {
        "gain": [
            10.284953974644,
            2.5434777470208827,
            21.4336,
            16.7014,
            31.9276,
            28.7695,
            42.9958,
            40.2832,
            54.0937,
            51.6484
        ],
        "magnitude deviation": [
            0.1559068431334225,
            0.2641768302272993,
            0.14320385824180448,
            0.1463450073743502,
            0.13974263888621863,
            0.14051351087682917,
            0.13800332083548028,
            0.13834436561563734,
            0.13700199421515435,
            0.13718939873122338
        ],
        "bandwidth": [
            1.1777465788800254,
            1.1777465788800254,
            0.5092958178940651,
            1.4483099821362475,
            1.3687325105902999,
            1.5438029479913846,
            1.5119719593730054,
            1.591549430918953,
            1.5756339366097636,
            1.6233804195373325,
            1.6233804195373325
        ]
    },
    "Kvi": {
        "gain": [
            0.1862383720105,
            50.754485086095116,
            50.0,
            129.32,
            102.6,
            149.99,
            50.0,
            129.29000000000002,
            130.75,
            124.08
        ],
        "magnitude deviation": [
            0.07544850860951158,
            0.15186295726863364,
            0.15172520305014814,
            0.15604472867323693,
            0.15532231174256594,
            0.15642729462443583,
            0.151695962245725,
            0.15601976372099102,
            0.15605279423665763,
            0.1559068431334225
        ],
        "bandwidth": [
            1.639295913846522,
            1.639295913846522,
            1.1777465788800254,
            1.1777465788800254,
            1.1777465788800254,
            1.1777465788800254,
            1.1777465788800254,
            1.1777465788800254,
            1.1777465788800254,
            1.1777465788800254,
            1.1777465788800254
        ]
    }
}