{
    "Kpp": {
        "gain": [
            10.9498,
            1.105477124736091,
            11.15447,
            10.93458,
            10.954569999999999,
            11.15447,
            10.954569999999999,
            10.93458,
            11.15447,
            10.954569999999999
        ],
        "magnitude deviation": [
            0.07544850860951158,
            3.620080607146079,
            0.976398181983555,
            0.9796617677326083,
            0.9793581868977128,
            0.9763982045538597,
            0.9793581897772583,
            0.9796617706438155,
            0.976398207771183,
            0.9793581929944821
        ],
        "bandwidth": [
            1.639295913846522,
            0.1909859317102744,
            1.6711269024649007,
            1.639295913846522,
            1.639295913846522,
            1.6711269024649007,
            1.639295913846522,
            1.639295913846522,
            1.6711269024649007,
            1.639295913846522
        ]
    },
    "Kpi": {},
    "Kvp": {},
    "Kvi": {}
}