{
    "Kpp": {
        "gain": [
            10.9498,
            2.026242768345301,
            11.6326,
            10.8901,
            1.9504000000000001,
            1.9405000000000001,
            10.9297,
            10.8901,
            1.9504000000000001,
            10.9495
        ],
        "magnitude deviation": [
            0.15549132853716685,
            2.1839412094235797,
            2.1839412094235797,
            0.140517363656798,
            0.1571566918058238,
            2.2994292128688016,
            2.315378615052225,
            0.1566214377734383,
            0.1575682396043021,
            2.299824416478657,
            0.15630413321375158
        ]
    },
    "Kpi": {
      "gain": [
        10.9498,
        2.026242768345301,
        11.6326,
        10.8901,
        1.9504000000000001,
        1.9405000000000001,
        10.9297,
        10.8901,
        1.9504000000000001,
        10.9495
      ],
      "magnitude deviation": [
        0.15549132853716685,
        2.1839412094235797,
        2.1839412094235797,
        0.140517363656798,
        0.1571566918058238,
        2.2994292128688016,
        2.315378615052225,
        0.1566214377734383,
        0.1575682396043021,
        2.299824416478657,
        0.15630413321375158
      ]
    },
    "Kvp": {
        "gain": [
            10.284953974644,
            2.02998274561549,
            18.5527,
            10.2961,
            18.3943,
            10.4446,
            10.3654,
            10.4941,
            10.3159,
            10.5139
        ],
        "magnitude deviation": [
            0.15605799175992274,
            0.31192671269633365,
            0.31192671269633365,
            0.14500948606438158,
            0.1560208838131274,
            0.14513011988367452,
            0.15565519093354396,
            0.15585456271185194,
            0.15553711299469342,
            0.155982868279807,
            0.15549132853716685
        ]
    },
    "Kvi": {
        "gain": [
            0.1862383720105,
            50.502990057396744,
            50.0,
            120.84,
            97.36,
            149.99,
            136.42000000000002,
            118.04,
            74.09,
            128.7
        ],
        "magnitude deviation": [
            0.07544850860951158,
            0.1518311819633027,
            0.1518311819633027,
            0.15173415599670648,
            0.15586975090093347,
            0.15515724866962444,
            0.15645279776235554,
            0.15621599462195945,
            0.15580741340511395,
            0.15401494458660636,
            0.15605799175992274
        ]
    }
}