{
    "Kpp": {
        "gain": [
            10.9498,
            2.0292211246628,
            11.6326,
            10.8901,
            11.0089,
            11.6821,
            11.692,
            10.8406,
            10.8109,
            10.9693
        ],
        "magnitude deviation": [
            0.15594259464587878,
            2.188190196783424,
            2.188190196783424,
            0.3693056971402626,
            0.3860529914422415,
            0.38320970272833677,
            0.3683610966700144,
            0.3681793526260293,
            0.3873600707626963,
            0.3881185680796193,
            0.3842534073831132
        ],
        "bandwidth": [
            1.639295913846522,
            1.1777465788800254,
            1.1777465788800254,
            1.1777465788800254,
            1.1777465788800254,
            1.1777465788800254,
            1.1777465788800254,
            1.1777465788800254,
            1.1777465788800254,
            1.1777465788800254,
            1.1777465788800254,
            0.4297183463481174,
            1.4005634992086788,
            1.1777465788800254,
            1.1777465788800254,
            1.1777465788800254,
            1.1777465788800254,
            1.1777465788800254,
            1.1777465788800254,
            1.1777465788800254,
            1.1777465788800254,
            0.1909859317102744,
            1.257324050425973,
            1.1618310845708357,
            1.1777465788800254,
            1.2732395447351625,
            1.2732395447351625,
            1.1618310845708357,
            1.1618310845708357,
            1.1777465788800254
        ]
    },
    "Kpi": {},
    "Kvp": {
        "gain": [
            10.284953974644,
            2.0297597670465732,
            18.5428,
            10.2862,
            10.306,
            10.2961,
            10.3159,
            10.2862,
            10.2961,
            10.3159
        ],
        "magnitude deviation": [
            0.1560242071282687,
            0.31191536018855004,
            0.31191536018855004,
            0.14498438078487652,
            0.15601205362449377,
            0.15596264607457044,
            0.15598920197044208,
            0.1559397248316543,
            0.15601676402373243,
            0.15599231696570826,
            0.15594259464587878
        ],
        "bandwidth": [
            1.639295913846522,
            1.1777465788800254,
            1.1777465788800254,
            1.1777465788800254,
            1.1777465788800254,
            1.1777465788800254,
            1.1777465788800254,
            1.1777465788800254,
            1.1777465788800254,
            1.1777465788800254,
            1.1777465788800254,
            0.4297183463481174,
            1.4005634992086788,
            1.1777465788800254,
            1.1777465788800254,
            1.1777465788800254,
            1.1777465788800254,
            1.1777465788800254,
            1.1777465788800254,
            1.1777465788800254,
            1.1777465788800254,
            0.1909859317102744,
            1.257324050425973,
            1.1618310845708357,
            1.1777465788800254,
            1.2732395447351625,
            1.2732395447351625,
            1.1618310845708357,
            1.1618310845708357,
            1.1777465788800254
        ]
    },
    "Kvi": {
        "gain": [
            0.1862383720105,
            50.502990057396744,
            50.0,
            120.84,
            97.37,
            149.99,
            136.42000000000002,
            118.04,
            74.1,
            128.7
        ],
        "magnitude deviation": [
            0.07544850860951158,
            0.15182864824254239,
            0.15182864824254239,
            0.15172478925329358,
            0.15584936529356241,
            0.1551344786281703,
            0.15642630899814947,
            0.15618799663883465,
            0.1557780448759729,
            0.15398510730574344,
            0.1560242071282687
        ],
        "bandwidth": [
            1.639295913846522,
            1.1777465788800254,
            1.1777465788800254,
            1.1777465788800254,
            1.1777465788800254,
            1.1777465788800254,
            1.1777465788800254,
            1.1777465788800254,
            1.1777465788800254,
            1.1777465788800254,
            1.1777465788800254,
            0.4297183463481174,
            1.4005634992086788,
            1.1777465788800254,
            1.1777465788800254,
            1.1777465788800254,
            1.1777465788800254,
            1.1777465788800254,
            1.1777465788800254,
            1.1777465788800254,
            1.1777465788800254,
            0.1909859317102744,
            1.257324050425973,
            1.1618310845708357,
            1.1777465788800254,
            1.2732395447351625,
            1.2732395447351625,
            1.1618310845708357,
            1.1618310845708357,
            1.1777465788800254
        ]
    }
}