{
    "Kpp": {
        "gain": [
            10.9498,
            0.8537306010090207,
            11.10898,
            10.93915,
            11.09899,
            11.13895,
            10.94914,
            11.13895,
            11.15893,
            11.089
        ],
        "magnitude deviation": [
            0.07544850860951158,
            4.8272382270373555,
            1.7416704454256404,
            1.744201727961439,
            1.741815734787167,
            1.7412334787980939,
            1.7440500175888474,
            1.7412334814712835,
            1.7409433322133054,
            1.741961527879198
        ],
        "bandwidth": [
            1.639295913846522,
            0.14323944878270578,
            1.6552114081557114,
            1.639295913846522,
            1.6552114081557114,
            1.6711269024649007,
            1.639295913846522,
            1.6711269024649007,
            1.6711269024649007,
            1.6552114081557114
        ]
    },
    "Kpi": {},
    "Kvp": {},
    "Kvi": {}
}