{
    "Kpp": {},
    "Kpi": {},
    "Kvp": {
        "gain": [
            10.284953974644,
            1.7469402352341645,
            7.7815,
            5.5144,
            4.5937,
            4.3759,
            4.3561,
            4.3561,
            4.366,
            4.3462
        ],
        "magnitude deviation": [
            0.07544850860951158,
            -0.1814960620234558,
            0.05725532683892709,
            0.027010745824284754,
            0.006544989674566182,
            0.000497005252285021,
            -8.255998560002809e-05,
            -8.25599856568715e-05,
            0.0002078327323005169,
            -0.00037418065414840385
        ],
        "bandwidth": [
            1.639295913846522,
            0.9230986699329928,
            1.559718442300574,
            1.4323944878270578,
            1.3528170162811102,
            1.3369015219719207,
            1.3369015219719207,
            1.3369015219719207,
            1.3369015219719207,
            1.3369015219719207
        ]
    },
    "Kvi": {}
}