{
    "Kpp": {
        "gain": [
            10.9498,
            1.6082156871041366,
            11.27441,
            10.83463,
            11.05452,
            11.314390000000001,
            10.91459,
            10.97456,
            10.93458,
            10.954569999999999
        ],
        "magnitude deviation": [
            0.07544850860951158,
            2.2239328712766593,
            0.30744616288799875,
            0.31395975447630065,
            0.310612849826569,
            0.30688667901686983,
            0.3127209224794001,
            0.3118103521664608,
            0.3124151733538554,
            0.31211165536375063
        ],
        "bandwidth": [
            1.639295913846522,
            0.2864788975654116,
            1.6870423967740906,
            1.6233804195373325,
            1.6552114081557114,
            1.6870423967740906,
            1.639295913846522,
            1.639295913846522,
            1.639295913846522,
            1.639295913846522
        ]
    },
    "Kpi": {},
    "Kvp": {},
    "Kvi": {}
}