{
    "Kpp": {
        "gain": [
            10.9498,
            92.7392156862745,
            139.009,
            43.019,
            111.72,
            149.9275,
            5.203,
            75.006
        ],
        "phase shift": [
            3.086,
            3.086,
            3.086,
            3.086,
            3.086,
            3.086,
            3.086,
            2.3685
        ],
        "bandwidth": [
            1.8621128341751754,
            1.8621128341751754,
            19.09859317102744,
            27.072255819931396,
            8.260141546469368,
            22.600001919049134,
            28.60014327361359,
            0.8753521870054243,
            15.469860468532225
        ]
    },
    "Kpi": {},
    "Kvp": {
        "gain": [
            10.284953974644,
            56.66323529411764,
            5.0,
            28.161,
            76.326,
            12.0395,
            80.9525,
            43.342
        ],
        "phase shift": [
            2.7735,
            3.086,
            2.911,
            3.086,
            3.086,
            2.827,
            3.086,
            3.086
        ],
        "bandwidth": [
            1.941690305721123,
            1.941690305721123,
            1.8302818455567962,
            1.734788879701659,
            1.8939438227935543,
            1.8143663512476067,
            1.9576058000303125,
            1.8143663512476067,
            1.8621128341751754
        ]
    },
    "Kvi": {
        "gain": [
            0.1862383720105,
            121.05909803921568,
            199.98001,
            167.47627,
            167.55623,
            110.50477,
            187.78611,
            0.1
        ],
        "phase shift": [
            3.086,
            2.7805,
            2.7675,
            2.7555,
            2.746,
            2.731,
            2.727,
            2.7735
        ],
        "bandwidth": [
            1.639295913846522,
            1.639295913846522,
            1.1777465788800254,
            1.1777465788800254,
            1.1777465788800254,
            1.1777465788800254,
            1.1777465788800254,
            1.1777465788800254,
            1.941690305721123
        ]
    },
    "bandwidth": {},
    "feature": {}
}