{
    "Kpp": {
        "gain": [
            10.9498,
            69.3686274509804,
            149.9855,
            112.184,
            93.2035,
            139.241,
            136.892,
            139.067
        ],
        "phase shift": [
            2.2640000000000002,
            2.1805,
            2.1765,
            2.1775,
            2.1785,
            0.004,
            0.004,
            0.004
        ],
        "bandwidth": [
            1.2095775674984044,
            1.2095775674984044,
            8.18056407492342,
            13.830564554685704,
            11.50690238554403,
            10.21774734649968,
            13.30535324248245,
            13.193944782318123,
            13.30535324248245
        ]
    },
    "Kpi": {},
    "Kvp": {
        "gain": [
            10.284953974644,
            5.26971267508884,
            8.818999999999999,
            16.704,
            8.135,
            8.04,
            8.059000000000001,
            8.0685
        ],
        "magnitude deviation": [
            0.028390807904088433,
            -0.06870178057820908,
            0.010833483598162275,
            0.06811141835082424,
            0.0014259371354370387,
            -0.00042244601723950836,
            -0.00012067706457230543,
            3.4776878734987804e-05
        ],
        "bandwidth": [
            1.3050705333535417,
            1.3050705333535417,
            1.0185916357881302,
            1.2414085561167836,
            1.464225476445437,
            1.2095775674984044,
            1.2095775674984044,
            1.2095775674984044,
            1.2095775674984044
        ]
    },
    "Kvi": {
        "gain": [
            0.1862383720105,
            1.6082156871041366,
            3.5182900000000004,
            1.99905,
            5.15747,
            1.3593700000000002,
            5.2974,
            0.67971
        ],
        "magnitude deviation": [
            0.07544850860951158,
            0.043197376004627586,
            0.06509575460613348,
            0.04690631834776582,
            0.08080338426843525,
            0.03376953579453357,
            0.08109123922886852,
            0.028390807904088433
        ],
        "bandwidth": [
            1.639295913846522,
            1.639295913846522,
            1.225493061807594,
            1.193662073189215,
            1.225493061807594,
            1.193662073189215,
            1.2414085561167836,
            1.193662073189215,
            1.3050705333535417
        ]
    },
    "bandwidth": {},
    "feature": {}
}