{
    "iter0": {
        "tune history": {
            "iterations": {},
            "Kpp": {},
            "Kpi": {},
            "Kvp": {},
            "Kvi": {}
        },
        "iter": 0,
        "lag joint": 3,
        "Bandwidth": [
            5.077042684631461,
            3.580986219567645,
            4.7746482927568605,
            6.82774705864231,
            1.639295913846522,
            3.8356341285146773
        ]
    },
    "iter1": {
        "tune history": {
            "iterations": {},
            "Kpp": {},
            "Kpi": {},
            "Kvp": {},
            "Kvi": {}
        },
        "iter": 1,
        "lag joint": 4,
        "Bandwidth": [
            5.077042684631461,
            3.580986219567645,
            4.7746482927568605,
            6.82774705864231,
            1.2095775674984044,
            3.8356341285146773
        ]
    },
    "iter2": {
        "tune history": {
            "iterations": {},
            "Kpp": {},
            "Kpi": {},
            "Kvp": {},
            "Kvi": {}
        },
        "iter": 2,
        "lag joint": 1,
        "Bandwidth": [
            5.077042684631461,
            4.8383102699936185,
            4.7746482927568605,
            6.82774705864231,
            1.2095775674984044,
            3.8356341285146773
        ]
    },
    "iter3": {
        "tune history": {
            "iterations": {},
            "Kpp": {},
            "Kpi": {},
            "Kvp": {},
            "Kvi": {}
        },
        "iter": 3,
        "lag joint": 2,
        "Bandwidth": [
            5.077042684631461,
            4.8383102699936185,
            9.390141642421826,
            6.82774705864231,
            1.2095775674984044,
            3.8356341285146773
        ]
    },
    "iter4": {
        "tune history": {
            "iterations": {},
            "Kpp": {},
            "Kpi": {},
            "Kvp": {},
            "Kvi": {}
        },
        "iter": 4,
        "lag joint": 5,
        "Bandwidth": [
            5.077042684631461,
            4.8383102699936185,
            9.390141642421826,
            6.82774705864231,
            1.2095775674984044,
            14.92873366201978
        ]
    },
    "iter5": {
        "tune history": {
            "iterations": {},
            "Kpp": {},
            "Kpi": {},
            "Kvp": {},
            "Kvi": {}
        },
        "iter": 5,
        "lag joint": 0,
        "Bandwidth": [
            7.989578143213145,
            4.8383102699936185,
            9.390141642421826,
            6.82774705864231,
            1.2095775674984044,
            14.92873366201978
        ]
    }
}