{
    "iterations": {},
    "Kpp": {
        "gain": [
            10.9498,
            5.78242296258631,
            12.467500000000001,
            13.323,
            16.165,
            17.2815,
            19.297,
            20.819499999999998
        ],
        "magnitude deviation": [
            0.05396020431629722,
            0.2380559249281191,
            0.03640394627545618,
            0.029001374896452603,
            0.012484785941353493,
            0.00823615410480727,
            0.002528795612704471,
            -0.0006038171772360101
        ],
        "bandwidth": [
            1.6711269024649007,
            1.6711269024649007,
            1.0026761414789405,
            1.8621128341751754,
            1.9576058000303125,
            2.307746674832482,
            2.4350706293059985,
            2.673803043943842,
            2.864788975654116
        ]
    },
    "Kpi": {},
    "Kvp": {
        "gain": [
            10.284953974644,
            5.852082071526155,
            5.0,
            18.689500000000002,
            5.0,
            10.6335,
            18.7275,
            5.5795
        ],
        "magnitude deviation": [
            0.0896928496343321,
            0.057549712731002955,
            0.04508127693111419,
            0.10917476791657066,
            0.04508127693111419,
            0.09110360326275213,
            0.10922352314483419,
            0.05396020431629722
        ],
        "bandwidth": [
            1.8461973398659857,
            1.8461973398659857,
            1.6870423967740906,
            1.6233804195373325,
            1.8780283284843649,
            1.6233804195373325,
            1.8461973398659857,
            1.8780283284843649,
            1.6711269024649007
        ]
    },
    "Kvi": {
        "gain": [
            0.1862383720105,
            0.1,
            0.1,
            0.1,
            0.1,
            0.11999000000000001,
            0.11999000000000001,
            0.11999000000000001
        ],
        "magnitude deviation": [
            -70.006166697,
            0.09477969213705251,
            0.09477969213706672,
            0.09477969213706672,
            0.09477969213706672,
            0.0896928496343321,
            0.0896928496343321,
            0.0896928496343321
        ],
        "bandwidth": [
            1.639295913846522,
            1.639295913846522,
            1.941690305721123,
            1.941690305721123,
            1.941690305721123,
            1.941690305721123,
            1.8461973398659857,
            1.8461973398659857,
            1.8461973398659857
        ]
    }
}