{
    "Kpp": {
        "gain": [
            10.9498,
            6.955224230753956,
            14.7875,
            15.2805,
            20.9065,
            21.2545,
            26.9965,
            27.2285
        ],
        "magnitude deviation": [
            0.13484305039682454,
            0.2750849122851804,
            0.08354209689194647,
            0.07930158735727844,
            0.04877388152598883,
            0.04757102037524419,
            0.03325676251063214,
            0.03283197884493916
        ],
        "bandwidth": [
            1.6870423967740906,
            1.6870423967740906,
            1.0663381187156986,
            2.307746674832482,
            2.38732414637843,
            3.3104228163114233,
            3.358169299238992,
            4.329014452099553,
            4.360845440717932
        ]
    },
    "Kpi": {},
    "Kvp": {
        "gain": [
            10.284953974644,
            82.50392156862745,
            149.9855,
            116.9255,
            149.9855,
            54.2565,
            5.0,
            128.39499999999998
        ],
        "phase shift": [
            2.726,
            2.67,
            2.6695,
            2.6735,
            2.6755,
            2.6845,
            2.7965,
            2.6595
        ],
        "bandwidth": [
            1.1777465788800254,
            1.1777465788800254,
            1.6711269024649007,
            1.70295789108328,
            1.6870423967740906,
            1.70295789108328,
            1.6233804195373325,
            0.8276057040778557,
            1.6870423967740906
        ]
    },
    "Kvi": {
        "gain": [
            0.1862383720105,
            160.50980392156862,
            199.99,
            199.99,
            164.09,
            131.07,
            179.15,
            126.22
        ],
        "phase shift": [
            3.086,
            2.795,
            2.778,
            2.766,
            2.7535,
            2.7405,
            2.735,
            2.726
        ],
        "bandwidth": [
            1.639295913846522,
            1.639295913846522,
            1.1777465788800254,
            1.1777465788800254,
            1.1777465788800254,
            1.1777465788800254,
            1.1777465788800254,
            1.1777465788800254,
            1.1777465788800254
        ]
    },
    "bandwidth": {},
    "feature": {}
}