{
    "Kpp": {
        "gain": [
            10.9498,
            5,
            8.5525,
            13.1345,
            6.3774999999999995,
            6.247,
            6.218,
            6.218
        ],
        "magnitude deviation": [
            -0.07902024885797232,
            0.11741550687169422,
            -0.07229902094273655,
            -0.11098955707700497,
            -0.008578893849374936,
            -0.0016575575903203799,
            -2.4005039435337494e-05,
            -2.6176943435984867e-05
        ],
        "bandwidth": [
            1.0026761414789405,
            1.0026761414789405,
            0.5092958178940651,
            0.7957747154594765,
            1.193662073189215,
            0.6207042780583918,
            0.6047887837492023,
            0.6047887837492023,
            0.6047887837492023
        ]
    },
    "Kpi": {},
    "Kvp": {
        "gain": [
            10.284953974644,
            47.321568627450986,
            5.0,
            52.88,
            5.0,
            5.1045,
            5.0,
            5.019
        ],
        "phase shift": [
            2.2720000000000002,
            2.3365,
            0.048,
            2.342,
            0.048,
            2.251,
            0.048,
            2.2505
        ],
        "bandwidth": [
            1.3050705333535417,
            1.3050705333535417,
            1.6552114081557114,
            1.0026761414789405,
            1.6552114081557114,
            1.0026761414789405,
            1.0026761414789405,
            1.0026761414789405,
            1.0026761414789405
        ]
    },
    "Kvi": {
        "gain": [
            0.1862383720105,
            1.6082156871041366,
            3.5182900000000004,
            1.99905,
            5.15747,
            1.3593700000000002,
            5.2974,
            0.67971
        ],
        "magnitude deviation": [
            0.07544850860951158,
            0.043197376004627586,
            0.06509575460613348,
            0.04690631834776582,
            0.08080338426843525,
            0.03376953579453357,
            0.08109123922886852,
            0.028390807904088433
        ],
        "bandwidth": [
            1.639295913846522,
            1.639295913846522,
            1.225493061807594,
            1.193662073189215,
            1.225493061807594,
            1.193662073189215,
            1.2414085561167836,
            1.193662073189215,
            1.3050705333535417
        ]
    },
    "bandwidth": {},
    "feature": {}
}