{
    "iterations": {},
    "Kpp": {
        "gain": [
            10.9498,
            6.869027435650544,
            14.6715,
            15.1645,
            20.7035,
            21.0515,
            26.692,
            26.924,
            32.347,
            32.4195,
            37.3495,
            37.2915
        ],
        "magnitude deviation": [
            0.12889844383796856,
            0.2699642093197099,
            0.08041205349294955,
            0.076246540252356,
            0.04673879805588399,
            0.04555624091953803,
            0.03172708975222349,
            0.03130855229909457,
            0.023553047661209803,
            0.023470580267868968,
            0.018766325748956092,
            0.018812496278542312
        ],
        "bandwidth": [
            1.7984508569384172,
            1.7984508569384172,
            1.1300000959524568,
            2.419155134996809,
            2.4987326065427564,
            3.453662265094129,
            3.517324242330887,
            4.520000383809827,
            4.567746866737396,
            5.570423008216337,
            5.5863385025255266,
            6.50943717245852,
            6.50943717245852
        ]
    },
    "Kpi": {},
    "Kvp": {
        "gain": [
            10.284953974644,
            56.66323529411764,
            5.0,
            28.161,
            76.326,
            12.0395,
            80.9525,
            43.342,
            90.8895,
            99.9905,
            96.447,
            90.253
        ],
        "phase shift": [
            2.7735,
            3.086,
            2.911,
            3.086,
            3.086,
            2.827,
            3.086,
            3.086,
            2.6465,
            2.668,
            3.086,
            3.086
        ],
        "bandwidth": [
            1.941690305721123,
            1.941690305721123,
            1.8302818455567962,
            1.734788879701659,
            1.8939438227935543,
            1.8143663512476067,
            1.9576058000303125,
            1.8143663512476067,
            1.8621128341751754,
            1.7984508569384172,
            1.7984508569384172,
            1.7984508569384172,
            1.7984508569384172
        ]
    },
    "Kvi": {
        "gain": [
            0.1862383720105,
            0.1,
            0.15997,
            0.17996,
            0.1,
            0.11999000000000001,
            0.13998,
            0.11999000000000001,
            0.13998,
            0.15997,
            0.17996,
            0.1
        ],
        "phase shift": [
            -0.8765000000000001,
            2.7735,
            3.086,
            3.086,
            2.7735,
            2.831,
            2.944,
            2.831,
            2.944,
            3.086,
            3.086,
            2.7735
        ],
        "bandwidth": [
            1.639295913846522,
            1.639295913846522,
            1.941690305721123,
            1.70295789108328,
            1.6552114081557114,
            1.941690305721123,
            1.8461973398659857,
            1.766619868320038,
            1.8461973398659857,
            1.766619868320038,
            1.70295789108328,
            1.6552114081557114,
            1.941690305721123
        ]
    }
}