{
    "iter8": {
        "tune history": {
            "iterations": {},
            "Kpp": {
                "gain": [
                    45,
                    67.57745098039216,
                    149.9855,
                    149.9855,
                    8.306000000000001,
                    149.913,
                    149.9855,
                    149.942,
                    149.971,
                    149.913
                ],
                "phase shift": [
                    2.201,
                    2.191,
                    0.003,
                    0.003,
                    2.3815,
                    2.1835,
                    2.1835,
                    2.1835,
                    2.1835,
                    2.1835
                ],
                "bandwidth": [
                    3.246760839074665,
                    3.246760839074665,
                    4.472253900882259,
                    7.591690785483407,
                    7.591690785483407,
                    0.5888732894400127,
                    7.591690785483407,
                    7.591690785483407,
                    7.591690785483407,
                    7.591690785483407,
                    7.591690785483407
                ]
            },
            "Kpi": {},
            "Kvp": {
                "gain": [
                    50,
                    5.049182250341566,
                    47.2085,
                    45.09,
                    9.5885,
                    14.1485,
                    27.2015,
                    29.2725,
                    31.809,
                    33.6995
                ],
                "magnitude deviation": [
                    0.005177078983322758,
                    -0.07812874602754505,
                    0.00234879093220286,
                    0.003980522542434528,
                    -0.035562438384587836,
                    -0.020744310121955323,
                    -0.003921038852240599,
                    -0.002227198737955405,
                    -0.0008373458662873645,
                    8.072091748090315e-05
                ],
                "bandwidth": [
                    4.1061975317709,
                    4.1061975317709,
                    0.6843662552951498,
                    3.9788735772973833,
                    3.8674651171330567,
                    1.225493061807594,
                    1.7188733853924696,
                    2.8170424927265474,
                    2.9602819415092534,
                    3.119436884601149,
                    3.246760839074665
                ]
            },
            "Kvi": {
                "gain": [
                    0.081,
                    0.32820069730581825,
                    0.81964,
                    0.73968,
                    2.05902,
                    3.0785100000000005,
                    2.67871,
                    3.5382800000000003,
                    0.83963,
                    1.0995000000000001
                ],
                "magnitude deviation": [
                    0.01141574273665924,
                    0.007623444139397861,
                    0.005343481786695747,
                    0.005395318704955798,
                    0.006311572300816692,
                    0.006965834130099324,
                    0.006841711946918849,
                    0.00751320627769303,
                    0.005239343854171352,
                    0.005177078983322758
                ],
                "bandwidth": [
                    5.077042684631461,
                    5.077042684631461,
                    4.297183463481174,
                    4.138028520389279,
                    4.138028520389279,
                    4.058451048843331,
                    4.042535554534141,
                    4.058451048843331,
                    4.042535554534141,
                    4.138028520389279,
                    4.1061975317709
                ]
            }
        },
        "iter": 8,
        "lag joint": 0,
        "Bandwidth": [
            7.591690785483407,
            0.7957747154594765,
            7.766761222884492,
            5.490845536670389,
            11.124930522123483,
            1.8621128341751754
        ]
    },
    "iter11": {
        "tune history": {
            "iterations": {},
            "Kpp": {
                "gain": [
                    10.9498,
                    71.1171568627451,
                    149.9855,
                    112.6045,
                    93.2905,
                    140.5895,
                    145.4035,
                    142.692,
                    142.808,
                    142.75
                ],
                "phase shift": [
                    2.3255,
                    2.1795,
                    2.174,
                    2.1755,
                    2.1765,
                    2.174,
                    2.174,
                    0.006,
                    0.006,
                    0.006
                ],
                "bandwidth": [
                    0.9230986699329928,
                    0.9230986699329928,
                    6.82774705864231,
                    11.411409419688894,
                    9.485634608276962,
                    8.387465500942884,
                    11.029437556268345,
                    11.23633898228781,
                    11.124930522123483,
                    11.124930522123483,
                    11.124930522123483
                ]
            },
            "Kpi": {},
            "Kvp": {
                "gain": [
                    10.284953974644,
                    5.54461978387593,
                    5.1615,
                    5.4465,
                    5.057,
                    5.5225,
                    5.418,
                    5.133,
                    5.0285,
                    5.5415
                ],
                "magnitude deviation": [
                    0.05732839830272951,
                    0.004327068425979519,
                    -0.013760711111132196,
                    -0.009599804690907376,
                    -0.016715753943813638,
                    -0.008604615436979657,
                    -0.008634488914125882,
                    -0.015090827542564966,
                    -0.018750109338924403,
                    -0.008398585069244291
                ],
                "bandwidth": [
                    1.2095775674984044,
                    1.2095775674984044,
                    0.9230986699329928,
                    0.8912676813146138,
                    0.9071831756238034,
                    0.8753521870054243,
                    0.9230986699329928,
                    0.9071831756238034,
                    0.8912676813146138,
                    0.8753521870054243,
                    0.9230986699329928
                ]
            },
            "Kvi": {
                "gain": [
                    0.1862383720105,
                    1.6099571634844163,
                    3.5382800000000003,
                    2.01904,
                    5.13748,
                    1.3393800000000002,
                    5.2974,
                    0.6997,
                    0.9195899999999999,
                    2.59875
                ],
                "magnitude deviation": [
                    0.07553562598721442,
                    0.04337353616614337,
                    0.06545283064571095,
                    0.047524106463015414,
                    0.08089728783005512,
                    0.03345710572267535,
                    0.0813332860417404,
                    0.02805665037806193,
                    0.026555294546071195,
                    0.05732839830272951
                ],