{
    "Kpp": {
        "gain": [
            5.0431,
            1,
            7.2568,
            4.1284,
            10.504,
            11.0683,
            11.3554,
            3.7522,
            4.0096,
            4.1581,
            4.1086,
            4.1383,
            4.1185,
            4.1284,
            3.7522,
            11.3554,
            11.0683,
            11.0683,
            11.0683,
            10.504,
            4.1086,
            4.1185,
            4.1383,
            4.1581,
            4.0096,
            11.0683,
            10.504,
            4.1284,
            3.7522,
            4.1086,
            11.3554,
            10.504,
            4.1284,
            10.504,
            4.1284,
            4.1185,
            4.1383,
            4.1581
        ],
        "magnitude deviation": [
            -2.608911383019386,
            -7.382875488230546,
            -7.382875488230546,
            -0.8979329886620775,
            -3.2651476075306824,
            -1.1114061437016787,
            -1.0505186814039575,
            -1.024700595157519,
            -3.6113200058415735,
            -3.5639633908561663,
            -3.3900551466114237,
            -3.4270255011615873,
            -3.401542023684442,
            -3.4187776717607825,
            -3.4105551984634204,
            -3.811356580911621,
            -1.028725863930994,
            -1.0503786590914608,
            -1.0504004286540756,
            -1.050400527049522,
            -1.1053980986046348,
            -3.2602577007015086,
            -3.4211976155877046,
            -3.400729737421127,
            -3.379586604790582,
            -3.527916888438689,
            -1.054940823832375,
            -1.1054197189417714,
            -3.2420354868820134,
            -3.811307049921737,
            -3.4609382000804487,
            -1.0284487387976533,
            -1.1053656217245518,
            -3.2420349295096536,
            -1.1114015490924416,
            -3.2420869669113337,
            -3.419555140412413,
            -3.4007296819110273,
            -3.3795866048536176
        ]
    },
    "Kpi": {
        "gain": [
            0.0,
            0.1,
            0.1,
            0.1,
            0.59005,
            0.58213,
            0.59599,
            0.58906,
            0.595,
            0.5920300000000001,
            0.59005,
            0.59401,
            0.58807,
            0.59302,
            0.58708,
            0.59599,
            0.59302,
            0.595,
            0.59104,
            0.59401,
            0.58708,
            0.58807,
            0.59104,
            0.5920300000000001,
            0.58906,
            0.58213,
            0.1,
            0.59005,
            0.59005,
            0.59599,
            0.59401,
            0.58807,
            0.595,
            0.59104,
            0.59302,
            0.5920300000000001,
            0.58708,
            0.58906
        ],
        "magnitude deviation": [
            -0.16153179866523715,
            -1.0319079495680263,
            -1.0319079495680263,
            -1.1542908834623304,
            -1.154280557280977,
            -2.631596910518148,
            -2.5981422771250884,
            -2.619082596191067,
            -2.6082935970965764,
            -2.6172958810408744,
            -2.612683912404158,
            -2.610035304362558,
            -2.6158453849593784,
            -2.606978178678098,
            -2.6145744541232006,
            -2.605572412390785,
            -2.6187928849834243,
            -2.614021857228394,
            -2.617025563736078,
            -2.6112597839793494,
            -2.6157781940108507,
            -2.6055003819929397,
            -2.6074493641436582,
            -2.611740429246911,
            -2.6129667577631466,
            -2.6085822668069483,
            -2.5982520692060795,
            -1.1308686856116452,
            -2.631641994524017,
            -2.6101269315148983,
            -2.618601264816739,
            -2.615422446469033,
            -2.6069776750479576,
            -2.617359995619477,
            -2.611260206007568,
            -2.6143777295109665,
            -2.612827985387561,
            -2.6056423422370436,
            -2.608911383019386
        ]
    },
    "Kvp": {
        "gain": [
            10.852894160334,
            3.061000358581038,
            1.0,
            2.0296000000000003,
            1.1485,
            3.0988,
            2.089,
            2.3464,
            2.4157,
            2.8612,
            1.8811,
            1.3663,
            1.396,
            1.8613,
            2.3365,
            1.9504000000000001,
            1.9207,
            1.891,
            1.8712,
            1.8811,
            1.9405000000000001,
            2.8612,
            2.3464,
            1.0,
            1.0,
            1.9306,
            1.9108,
            2.4157,
            1.3663,
            1.9504000000000001,
            1.9207,
            1.9009,
            2.3464,
            1.891,
            1.9009,
            1.8712,
            1.9405000000000001,
            2.0296000000000003
        ],
        "magnitude deviation": [
            0.3122727816031876,
            0.08493034878200234,
            0.08493034878200234,
            -0.19966946682237108,
            -0.379626977487419,
            -0.26299746031729754,
            -0.2019199213381917,
            -0.08427379193816975,
            -0.10770374860408083,
            -0.08022916862912766,
            -0.03063866305696905,
            -0.12020027561742097,
            -0.2589734907575334,
            -0.3460718509013496,
            -0.27175832225210783,
            -0.13246353369745023,
            -0.13853114833180769,
            -0.17498716126400993,
            -0.18233009183567717,
            -0.18838544986633465,
            -0.18930578431406886,
            -0.18002580503131327,
            -0.06923756431968542,
            -0.061195233449797826,
            -0.23451483590078936,
            -0.5199259854915574,
            -0.3946200835774363,
            -0.179119749000634,
            -0.1175755804755454,
            -0.2132594296414645,
            -0.2661209073052433,
            -0.17532729991695817,
            -0.1809693307167386,
            -0.12657006343500043,
            -0.14593059893402227,
            -0.18419361189359051,
            -0.18727521338617592,
            -0.18116280613406488,
            -0.16153179866523715
        ]
    },
    "Kvi": {
        "gain": [
            0.10694728820868,
            0.35267535531123984,
            1.3276000000000001,
            0.8405199999999999,
            1.97605,
            1.9938700000000003,
            1.7731000000000001,
            1.0771300000000001,
            0.5375800000000001,
            1.91368,
            1.5622300000000002,
            0.32176,
            0.66529,
            0.12376000000000001,
            0.18415,
            1.4879800000000003,
            2.03842,
            2.05525,
            1.01575,
            1.68697,
            0.14851,
            1.2117700000000002,
            0.46135000000000004,
            1.9503100000000002,
            1.8463600000000002,
            0.52273,
            0.29701,
            0.6049,
            0.10990000000000001,
            1.0494100000000002,
            0.81478,
            1.76518,
            0.91378,
            1.4840200000000001,
            0.42274,
            1.9176400000000002,
            1.1078200000000002,
            1.981
        ],