{
    "Kpp": {
        "gain": [
            5.0431,
            1,
            19.1368,
            59.9149,
            25.453,
            60.3604,
            60.2416,
            66.5083,
            46.1341,
            65.1223,
            69.4882,
            51.5791,
            44.4709,
            25.1956,
            18.4438,
            4.4947,
            68.7259,
            70.4683,
            54.6481,
            19.6318
        ],
        "magnitude deviation": [
            -4.71186079592707,
            -6.063856210159987,
            -1.0772329507841327,
            -0.3465716222677955,
            -0.7658324066739652,
            -0.34509194947615995,
            -0.3455968103791527,
            -0.3156227517856003,
            -0.4416748004615343,
            -0.3218505541114105,
            -0.3031826986536821,
            -0.39854098747541045,
            -0.4569508298370195,
            -0.7732059230288577,
            -1.0377739317597232,
            -4.835329465028998,
            -0.32701468252836463,
            -0.29932139930102153,
            -0.37790761240236037,
            -0.9775642682061658
        ]
    },
    "Kpi": {
        "gain": [
            0.0,
            0.1,
            0.1,
            0.1,
            0.55342,
            0.5068900000000001,
            0.61876,
            0.57817,
            0.64846,
            0.5356,
            0.4861,
            0.63856,
            0.66034,
            0.49402,
            0.46432000000000007,
            0.44550999999999996,
            0.45145,
            0.43560999999999994,
            0.60292,
            0.65737
        ],
        "magnitude deviation": [
            -0.28246884714679155,
            -1.5550884218729522,
            -1.598969543346044,
            -1.5998479137824155,
            -4.164894944905065,
            -4.761038169961548,
            -4.805876856184831,
            -4.751564730666409,
            -4.741037061378272,
            -4.702295169020516,
            -4.733998731835527,
            -4.787837208449108,
            -4.677521146811106,
            -4.628009008386126,
            -4.690139402736175,
            -4.61979373526939,
            -4.628466499627393,
            -4.571978651110015,
            -4.794426284685148,
            -4.71186079592707
        ]
    },
    "Kvp": {
        "gain": [
            10.852894160334,
            3.1713469288072114,
            1.0,
            19.4041,
            20.3644,
            13.8601,
            19.0477,
            13.4344,
            10.3753,
            19.4833,
            19.3843,
            19.4635,
            19.414,
            19.3942,
            1.0,
            19.4041,
            19.4041,
            1.0,
            1.0,
            1.0
        ],
        "magnitude deviation": [
            0.3289919589101835,
            0.16251508728232267,
            0.036134981016161305,
            0.05730266751984914,
            0.37741377518985786,
            0.35897132282065414,
            0.37222173854612706,
            0.3558735011427494,
            0.32954223599350385,
            0.36679298279741346,
            0.3784713713991046,
            0.37874810017855154,
            0.37867240229793353,
            0.3785862897693235,
            0.11204386611996497,
            0.05770278484895286,
            0.3749854930022387,
            0.11201239843301991,
            -0.28067846979561395,
            -0.28246884714679155
        ]
    },
    "Kvi": {
        "gain": [
            0.10694728820868,
            0.35267535531123984,
            1.3276000000000001,
            0.86131,
            2.50372,
            0.7712199999999999,
            2.7541900000000004,
            0.8523999999999999,
            2.52748,
            2.8066600000000004,
            0.51085,
            1.1672200000000001,
            0.26038,
            1.3988800000000001,
            2.80072,
            2.8749700000000002,
            2.90071,
            0.22177000000000002,
            1.02367,
            2.37304
        ],
        "magnitude deviation": [
            0.38284144744127246,
            0.3057899293528479,
            0.29576489850187215,
            0.2685599662980742,
            0.3385214565636474,
            0.2693581475224711,
            0.3508182272599676,
            0.26991675955996897,
            0.3396947279654796,
            0.3444901062315786,
            0.2818991974191789,
            0.2850945603208963,
            0.3279571037887479,
            0.3003926863492339,
            0.33741279544746305,
            0.3488843545732827,
            0.35053899848932346,
            0.3393596779007666,
            0.2799361900829602,
            0.3289919589101835
        ]
    }
}